ASIN LIST A + B +C + D,E+F+H,I
,,
B0DNMW96QT,B0D9WJN9PJ,
B0DZLWGSZZ,B0G6CFH8SL,B0DG9CFL78
B0DYNXCHND,B0GKFJR711,B0FZ9TQV2Q
B0CRL3RV58,B0D149J27R,B0FQC6S8JP
B0CRNMD4VV,B0DKXG46YQ,B0DTJSKR68
B0D3KPJ167,B0FWY15DZF,B0F994535Y
B0F8NRXVTH,B0G648MD3G,B0FPQTV588
B0DSVZ75SJ,B0FLH52D89,B0FNWR3T2N
B0DLL18Q5F,B0F1MDG8PH,B0FHQ8GC4G
B0FJ299YYX,B0G7G6883J,B0FY6B137Z
B0DT5TV93W,B0GM79FY7C,B0FYG2PJT9
B0FPWWY3NT,B0GM6CW437,B0FY5R8WQG
B0DY7Q525X,B0GBK9NCHW,B0FWK9B753
B0FPGJBV52,B0FGJX93XV,B0FYG8P86V
B0FPGNKCC3,B0G3T6HS41,B0G31ZNCDW
B0CQK3C59L,B0GCFK3YQG,B0CFZCT4XS
B0BG9ZVGDH,B0G8WV7Q26,B0G3N4FQ6N
B0D4V1YGD9,B0DR1BC567,B0FPLKY1R4
B0B87NFKPD,B0G6JXTC3N,B0FK9DR1BP
B0FRTTWVBY,B0G2LPTFBY,B0FM3FY1BY
B0D8BBQTLC,B0FHK4GP5J,B0FD9VYTY1
B0FM448NC2,B0FC2B47C8,B0FXX3C1VR
B0G5G9FVGZ,B0FVTF34WJ,B0FYPQRZC2
B0G1YFN8X5,B0G771V1LX,B0FY5FDJL3
B0FZRGKYPP,B0GCZX593J,B0FY62DDQG
B0FFB3V12P,B0DQPPD8W7,B0G5YBSBG7
B0G2WHGW9H,B0DFXWPQC2,B0FRL2Y978
B0G2WG4573,B0F1YNHLWY,B0G6DJSJH3
B0FWKD2XZ8,B0CDNS16XB,B0G6F5CSDD
B0GGB1B1QF,B0FCCGC2V1,B0GD4ZP9FQ
B0G1BMRDTF,B0FJ8PY1DP,B0FZBVBNFN
B0G7G7XRR5,B0FJ8PVNYK,B0GD5LS3J7
B0G7FKN455,B0FQPGMDD8,B0GD17RB94
B0FDGN1JZB,B0FQPJC4KM,B0G3N877X2
B0G6CRPPFG,B0FVS565R1,B0GCVQ5XJM
B0G6CTFBLD,B0FVSBJV8V,B0FWB4YX4F
B0G4DX8GPY,B0F5PSFCSQ,B0G12YLT5S
B0G8HNYRFS,B0G1JRPP14,B0GC55NMSY
B0GLZ11RMW,B0FX9M6TXV,B0G6LMKJVT
B0GMDX9DK3,B0CTHZB358,B0GGRD2K13
B0GMFVP5Y2,B0FV8L6WL5,B0GGRBQLRT
B0FWQTHG4B,B0FRF9J9Q2,B0FVCNS8KG
B0G6Z6QH3C,B0FRSFT7CS,B0FG24NSSR
B0FFT35WHR,B0CLL5K2RM,B0FZRSQWK6
B0FFT3ZTPQ,B0CZLHNL17,B0G2GR3TR9
B0FJ8CZP8V,B0CZLFS8K9,B0GLNP7DCZ
B0FF1QGP9Q,B0F5HR9JBG,B0GHXX83FZ
B0GHNJ2GBM,B08CK6KQDF,B0FDB1PYFL
B0D46Z5VYJ,B07S848J1K,B0GC5TD5N1
B0F8NRFXJ4,B0G4C8DYXD,B0G4V5SPN2
B0G25RSS5T,B0FWCD7NL4,B0F4QMNZFK
B0FX4B268L,B0FJL8HDQ1,B0FY1D8JWB
B0GFCWKFB3,B0G1X9L86G,B0G2XB8TBV
B0FGX5Z3ZH,B0G1XL93V6,B0DRJLTDF9
B0FY5QRGMM,B0G1XKJZW6,B0FVTLCF8G
B0GQXDYVV1,B0G1XJ8GW7,B0G1XV7QH7
B0GQJ8R1SD,B0G1XM9474,B0GM4HCSJ2
B0FT2PBF43,B0G1XRNWGX,B0FLD6HHWT
B0GQYNZRPT,B0G1XVPW93,B0G2B9V7DV
B0GNQ1XX46,B0G1XS11T4,B0GDFZ638Y
B0FK2NK2QW,B0G1XLDH1Z,B0FPMJV2HT
B0GC61K91V,B0G1XTC48X,B0GDFWSDWG
B09WQYXHJW,B0G1X61PFX,B0G47SJ7LF
B0G3TZX2P6,B0G1XCD9YS,B0G47931R9
B0GMWYV4V6,B0CSYSKBSM,B0G443FM1C
B0GMX46GJ6,B0G2VFT8JF,B0FV2HZGX1
B0GMX49YJS,B0G5YGJWNQ,B0F2HRK7WY
B0GMX48R6M,B0GFCWKFB3,B0FLVNZ9GZ
B0GMWK3D6S,B0G1XD94JX,B0FLVM99WG
B0GR58XGR7,B0FSZ7MQFV,B0G4F3HP37
B0GR5699R8,B0FRSHNVX3,B0G7TXL1L1
B0GR567NVQ,B0G3XVKHQ5,B0G493TWHD
B0GR4Z16G3,B0FDKQCTN4,B0FPMHFFL8
B0GR54ZT7T,B0FDKMB1RD,B0GDFT5P2K
B0G1YBS8V4,B0GGHQ2FK7,B0FPMFJ6BM
B0GBX2B19V,B0G1XFDC2H,B0F3HX3NV3
B0GRGTZ713,B0FN47YB1Z,B0DQ81GB1P
B0GR4WW9RB,B0G1GTJJ47,B0DSBLWP93
B0GRBS9SDD,B0FZB9HJ8K,B0DRCWKFCS
B0FN7JJCDD,B0G5Y3J4ND,B0DSLJ1KHD
B0GFWL78P9,B0GHMW93PK,B0DYNPMWYP
B0GLP6PHCX,B0F6YGQCZV,B0DRG8TCZD
B0FNCZBSZ8,B0G2XSJHTC,B0CRRWY1LW
B0FFMMZF6N,B0GBTGVH51,B0DBQHY61N
B0GRMQBN7Y,B0G6SSWGS7,B0F21GKNRK
B0GRV974HS,B0G4C5DW36,B0F83PXHDM
B0GR9KMFF2,B0GK26S8NB,B0FBG8RWN6
B0GKVHJTC5,B0FVDZXP27,B0F5WTL1G8
B0GM33XH8W,B078NT49MJ,B0DLMYTG13
B0G7V9YRW1,B0G28VCHMN,B0F83ZDG94
B0GC6C78CX,B0GLDYNP6R,B0DYJWS335
B0G4M8GKKR,B0GCHZ7Z9T,B0DSPZDJ7Z
B0GK1P6TY5,B0GF858W2S,B0DZHGWXHH
B0G4KJF4VG,B0DYDLKJ9P,B0FBWR1F9Q
B0G3X12XCP,B0F87B2MP9,B0FBWDH6S1
B0CQXGBNDV,B0DH4FC4L1,B0FB91FNGL
B0FVXHJHRW,B0GKP735B3,B0FBWL8WBB
B0FVXFSDK3,B0FYD9K19K,B0F9YQQRBQ
B0GM4V3KLG,B0FYNL9G27,B0F66VBNKJ
B0G4MB5HD4,B0FYNLW1S6,B0FFT97R9Q
B0GM6BL6VP,B0FYNMK9JW,B0F8QCXP7T
B0GSFN3PJK,B0FW4SDTYX,B0FBG7FLYQ
B0FH4JG516,B0FW4JDF3T,B0DZC2GPWQ
B0CQ1PMPXD,B0FSVYNQ88,B0FCS6T636
B0CHHT6JCM,B0FDWYTDS4,B0FDB91FT5
B0GCN7JJL8,B0DMR66YYC,B0DYP3KNQG
B0FY5CLGNN,B0GL22H34B,B0FQHTK1BF
B0G3X5XLMK,B0GF1TML3Y,B0F24HVZLQ
B0GQZBNYPP,B0GG9TZB6T,B0F24HFMRQ
B0FQVFMTBK,B0FG8HGMBY,B0FF5949FF
B0GRGBNVZQ,B0G3TZQ9SC,B0FDB76HSB
B0GSMN9TLX,B0G8DNH89D,B0FSL17TS1
B0FXN1WCWT,B0CJTJSY5C,B0F93DX5S3
B0GS27F9QQ,B0G2MKKB2W,B0FN3MW4YN
B0GL8CFMMC,B0GKDYDKR3,B0FKMRKXDN
B0GCH6R5XP,B0G2539XZV,B0FDQQJN3J
B0FK2KZPLG,B0G1S9CL4C,B0FB8QMH21
B0GGXXW8JW,B0G1S956WL,B0FRZZMK5Y
B0GFWQ7SNR,B0G1MPWD67,B0FB8HCDC8
B0GLDVF5GL,B0GCRGJRDD,B0FMFFKLC6
B0GSFT78JG,B0FT2NJ2QW,B0FSDP8MSS
B0GSG51LFH,B0D49LHH2Q,
B0DSC49QML,B0F6K7XSGP,
B0FDK6KSS6,B0FN2TWMFC,
B0GNNJBZ24,B0F6K716R8,
B0D1TLKFGT,B0F66MT8TK,
B0GH8HNGXT,B0F5QCNBSJ,
B0CBPHFL8C,B0DLGTL7B6,
B0FD3T2GP5,B0DLGV2FD8,
B0GR5SJRBP,B0DLGS67YK,
B,B0DLGQRG3D,
B09FRZQW7X,B0DLGTC74V,
B0BCJKV313,B0DLGVPKVR,
B0DFGSXVV8,B0DLGRWF66,
B0DQKTCQDH,B0F534WCKP,
B09MTCR8NX,B0F7KXL19T,
B0986KQ71L,B0DPKWTCQX,
B07TPT6CJN,H,
B07DR7MB48,B0FH7GK3R5,
B0FPX8FXFL,B0FT51ZD6N,
B0DT73G2RG,B0FND8DD8C,
B09QBVDLC7,B0FRDZRVG1,
B07RYQF94X,B0FCXJZJMS,
B0FDKG79NM,B0FCSCSDNF,
B07G75YC6Z,B0FDQ6135C,
B08TM7SS5S,B0FDKYWWLN,
B0FPVWQ5G8,B0FLXV3S3T,
B0F8QMD99Q,B0G19D45X1,
B0F9YHR2HV,B0FXWTRH2D,
B0FQHS2H2B,B0DT6S4CV6,
B0FLDTNGL4,B0DFB9L238,
B0FSCWFR9K,B0FX3RQ1F9,
B0G4BP97D6,B0G1M5ZD1J,
B0G4BRDMG4,B0DGX4S1G1,
B0BGK8K535,B0G4VXKY74,
B083LSCWQY,B0G4M76N19,
B0F5VLTWPC,B0GJ3F3SQX,
B0F3XJ1KPZ,B0GHRJPR8C,
B0F48FK333,B0FXH2HR9K,
B0F5W4477D,B0G1LNMT1W,
B0FQH824FM,B0G2LJJHDL,
B0DYV4CYVW,B0FPQN55WB,
B0FQHWN1ZN,B0G7ZZJLT8,
B0F6MWGQCR,B0G44NHJ5M,
B0FP28F7XX,B0DNSFYQP5,
B0FP29VM3S,B0DBPPTPYV,
B0FMRQ6TVC,B0FC5K6JQH,
B0FFNHVCY6,B0GD1Q218F,
B0C374SW7J,B0FLTHN3XH,
B0G2SZ5HZ8,B0FJ1N14QC,
B0G2SZKQ8M,B0GBVWF9BD,
B0GH6WH7QW,B0DRP225VJ,
B0F2H75FSK,B0FJF8GTRZ,
B0FCX7XWLG,B0F8GQS2HL,
B08T14DSGX,B0G6373MQZ,
B0DHGG4WK4,B0F4K98YXL,
B0DPPVLJ6D,B0CL1SY4XD,
B0FNVZMZWX,B0DPKJFPBL,
B0FGX3PW11,B0GCM3C5JH,
B0DRP2KDHH,B0FCSHY6PM,
B0G4TVF9N6,B0FLDFSYDN,
B0GGYXVS6G,B0DWJCNH8P,
B0FGPW315J,B0G1LS7SDQ,
B0D69VBQDN,B0FMRTY6VB,
B0DLGN6KZ9,B0FMRRQLN6,
B0F3WTXNL2,B0FMRRZ55Y,
B0DN5WM7C5,B0FMRS93ZC,
B08XK4JVHJ,B0FKVCJMGG,
B0FV8BK6T4,B0FMRSLR9L,
B0FRFLYQBY,B0FL26FBS1,
B0G5P41MHM,B0FJDMQQFL,
B0G3GZD435,B0F7QN6S6T,
B0FP211BSY,B0FBGBQB25,
B0G44FXT9P,B0FBG9XDRG,
B0FTSX1XFB,B0G3WSZYDH,
B0C9PF1KKJ,B0G4JBXW5N,
B0FX9FYWKP,B0GL8D59PL,
B0G65CMBMH,B0FMY89XP9,
B0FDWFP49D,B0GHHV5T56,
B0G145VBN7,B0FWWBX4MD,
B09Q84W4QM,B0GCCQSRRQ,
B0GJRL6CPH,B0FV8GZ4FP,
B0GC6LRRB6,B0FV8H7MSY,
B0G4TQL83Q,B0GCDBB41G,
B0G3W684KH,B0DNSFYQP5,
B0GC72CYH2,B0F3J1FZHF,
B0FXXPBZHS,B0G58FWNLP,
B0DYTVSRKT,B0DQV4H1YP,
B0822DQJP9,B0G1B391LH,
B0G2RJCXHF,B0FKBJG1QP,
B0G3NQ74NX,B0GC33W2WC,
B0GCZPB9QF,B0GC4J5F2G,
B0CJTJSY5C,B0GC3CLF26,
B0F29NRDHX,B0FP2JF4CQ,
B0CSYSKBSM,B0G3WXMNTR,
B0F5QCNBSJ,B0FVM396JM,
B0F5QB9764,B0FL79F91Y,
B0FMQB8MCM,B0GGRZM18F,
B0GC5GMJYG,B0GHLRFGFB,
B0FW4PKSBH,B0F4KR3B9G,
B0DR7Z6N8F,B0G63WS9ST,
B0GD65MXPR,B0G2LN1GR8,
B0GCCQWCHK,B09M7BNY1M,
B0G4JR8QVM,B0G3YB5R1S,
B0G4V61728,B0GLPFVPCV,
B0FW32DZN3,B0GM1KJMNS,
B0G6X56YS9,B07WTL3T3C,
B0GGRG98LW,B0DQTV56NS,
B0DX6S433N,B0DKXL7SSN,
B0FVX98FFT,B07LF4PNS2,
B0FXG7YKV3,B0FXWCLJ2B,
B0FJM2N3WZ,B0GRMFLRRQ,
B0FXL1PP3X,B0GF6QSWFR,
B0D63NQXSW,B0FHL1LR64,
B0FN4PP298,B0DKTPP782,
B0G7DTZHMP,B0GBWSBWK8,
B0FT74G4KV,B0DKCZK8PS,
B0GMQ5JWC4,B0GGZZS2NH,
B0GQGYJR2G,B0G115DDGM,
B0G5JXDYVP,B0GCDBJDVD,
B0G4RRXFN1,B0GPDBCW7Y,
B0FFT4DY3G,B0G4M6MBP6,
B0G8D4XY53,B0FF9BMRV9,
B0GDKK6NNS,B0FNMYHS6V,
B0FSYS3KN9,B0GSFGYMKQ,
B0FXWDV2XS,B0FXFYXF5M,
B0FP4P48LX,B0G9CR7FW8,
B0DRRYM7GL,B0G5K6CD4K,
B0DFLF5YQ6,B0GCZWL63J,
B0GG93QZRC,B0FW3QTNL1,
B0FX9F8PNG,B0FDWG6KND,
B0G6LCJQS4,B0FB7QWX4R,
B0G1YKR63T,B0GK8V227T,
B0FD2RJPYY,B0D5ZRBXPX,
B0GM14N4G5,B0G7TWKQH3,
B0FCY9GSVK,B0G48LZLVT,
B0DL5B8FQH,B0F8JG6RDX,
B0GD6RX3H2,B0CS2ZRNPS,
B0G6KKVLBR,B0G5Y42VVW,
B0FW3G7WS6,B0F74D31WV,
B0G64HLLWZ,B0GQTRK1W4,
B0F8Q24PG1,B0FY62TQRR,
B0GHYBXCDD,B0GCD12R9Z,
B0GGB1MRB2,B0GK81BPDV,
B0DPFS52XM,B0CQ5K4NDP,
B0GCCX9LNJ,B0DJT62D2N,
B0FVF51GWT,B0CQ5FY35T,
B0FCS4FDQ2,B0FM7HC3ND,
B0GPWTXX91,B0FP9N2S7J,
B08GX19KT9,B0G4VVB3RB,
B0FX7J1RX7,B0G4VRT8YJ,
B0FX3FDQ4L,B0G5WZRZDB,
B0FYF64S13,B0GC5FBHF9,
B0GGS2Y6NH,B0GFVR34YL,
B0GC6C78CX,B0DPT9F9SZ,
B0GGS5YBPM,B0GFVJWTYG,
B0GGHYF1QQ,B0G1BCDLH4,
B0FY2SZGN1,B0FRFBYMJV,
B0G7TC21ZS,B0FFGMQ487,
B0GCD9XCL4,B0F8Q545D8,
B0GCD9Z8YM,B0FHFZ69KK,
B0FLK79TB9,B0CZ6LZ4V5,
B0G64TC56D,B0CVTZYHTG,
C,B0C3VQVM49,
B0D638QK3F,B0F2HMWGZL,
B0D638S715,B0FP2ZJLZL,
B0FBMJ9P27,B0GJD562L3,
B0F43W3NG8,B0F325KNWZ,
B0DYJC1BQ3,B0C1GQ9MXT,
B0DYJG991M,B0G33K9C9J,
B0DLV8SPM1,B0GJ5KG38D,
B0F3HX3NV3,B0GCJM3Z6H,
B0CPDXWPK9,B0FHHK89XX,
B0DTHQMCWW,B0DG2KZRBY,
B0F1FBDCB2,B0G7FSW7YY,
B0F8965JX5,B0FZBFXTZ7,
B0CKNKKDTQ,,
B0D1ZJMGWC,,
B0G2R3N5NH,,
B08M47S5CW,,
B0G2QSC3SH,,
B0FD9VTJV6,,
B0FRFBVTZS,,
B0G7CCXKSC,,
B0G2M58WJY,,
B0G4BWN419,,
B0GH7S67H6,,
B0F4K4MYXS,,
B0GCN5Q9Z1,,
B0GCN3B1Q4,,
B0GG4KVDVZ,,
B0G1K6YC1K,,
B0GMDX9DK3,,
B0GLZ11RMW,,
B0GMRLD6N9,,
B0G4MCP5Z3,,
B0G8DY2QN9,,
B0G8WHZYGH,,
B0GPFWRKC2,,
B0GPGKS6B8,,
B0GD51FMDK,,
B0FRLVWN38,,
B0GL1MY2X2,,
B0G1BZWLKX,,
B0GQXDYVV1,,
B0GQJ8R1SD,,
B0GGZBV62R,,
B0GGZ296ZD,,
B0FQMRMM58,,
B0FQN282PV,,
B0FZTXHGGH,,
B0GQYNZRPT,,
B0GNQ1XX46,,
B0G4LWJ2C7,,
B0FW4JYQK5,,
B0FW4JPWGZ,,
B0GHRCK9N8,,
B0GKNWST92,,
B0GRC1W925,,
B0G1Z6VQGM,,
B0FT3JL8ZM,,
B0GQGMZ364,,
B0GRGTZ713,,
B0GMCYC8KM,,
B0GKDL7ZXS,,
B0FXG7YKV3,,
B0FJFS4VX6,,
B0GQB8PQJQ,,
B0FZG1MX9J,,
B0FZFXTT7R,,
B0G4VVB3RB,,
B0FM42BNB3,,
B0GQVP6J8B,,
B0CX1TLBML,,
B0DQD5RX8Z,,
B0DDQFF76G,,
B0FQWD3VJ7,,
B0FQVGK64C,,
B0GSFN3PJK,,
B0G8DKF7MY,,
B0GQFN24YJ,,
B0GRY43R71,,
B0GRYG5Y6C,,
B0FDWRY1C7,,
B0GSMN9TLX,,
B0GKG8YFT8,,
B0GQ282PNX,,
B0G1BXQRHY,,
B0GGRM47SR,,
B0GGRDKY4Z,,
B0G352XLFV,,
B0FWB3K7RG,,
B0GSQC7D98,,
B0FDGXZ9DY,,
B0GQV298P1,,
B0GL7NBQFL,,
B0G8J4GY6Z,,
B0FYFFQBBH,,
B0GPX4Z56W,,
B0GMX1H6R7,,
B0GMY4CFDC,,
B0GFKXGZ5G,,
B0FDWTHQN3,,
B0GHNGTJTF,,
B0GPPPZH6P,,
B0GLF4FYTC,,
D,,
B0CZNWVZ8M,,
B0DDCBLJKZ,,
B0F93QC3P1,,
B0DSPGV41Y,,
B0DMN32R1B,,
B0F98SR588,,
B0F8411WKQ,,
B0FKHF3ZMJ,,
B0FXRDFKV6,,
B0FK2B4VYG,,
B0FNCKMWY9,,
B0FLX9X6WY,,
B0FRS1QLVC,,
B0F8VR5FRX,,
B0FMF3GZPW,,
B0FX4PND1D,,
B0G5Y3J4ND,,
B0FXX3C1VR,,
B0DZWRJ6HV,,
B0FHPHSCJT,,
B0FX2PFLBB,,
B0FGQ7CDZ6,,
B0GJJXXJDV,,
B0GJDJN5PD,,
B0F64YW4K3,,
B0G6JN1BCC,,
B0G4PH3FQC,,
B0FNR2HPZD,,
B0BZCMFRHB,,
B0GJB24N6X,,